<?xml version="1.0" encoding="UTF-8"?>
<root>
  <item name="android.healthconnect.datatypes.Device int getType()">
    <annotation name="androidx.annotation.IntDef">
      <val name="value" val="{android.healthconnect.datatypes.Device.DEVICE_TYPE_UNKNOWN, android.healthconnect.datatypes.Device.DEVICE_TYPE_WATCH, android.healthconnect.datatypes.Device.DEVICE_TYPE_PHONE, android.healthconnect.datatypes.Device.DEVICE_TYPE_SCALE, android.healthconnect.datatypes.Device.DEVICE_TYPE_RING, android.healthconnect.datatypes.Device.DEVICE_TYPE_HEAD_MOUNTED, android.healthconnect.datatypes.Device.DEVICE_TYPE_FITNESS_BAND, android.healthconnect.datatypes.Device.DEVICE_TYPE_CHEST_STRAP, android.healthconnect.datatypes.Device.DEVICE_TYPE_SMART_DISPLAY}" />
    </annotation>
  </item>
  <item name="android.healthconnect.datatypes.Device.Builder android.healthconnect.datatypes.Device.Builder setType(int) 0">
    <annotation name="androidx.annotation.IntDef">
      <val name="value" val="{android.healthconnect.datatypes.Device.DEVICE_TYPE_UNKNOWN, android.healthconnect.datatypes.Device.DEVICE_TYPE_WATCH, android.healthconnect.datatypes.Device.DEVICE_TYPE_PHONE, android.healthconnect.datatypes.Device.DEVICE_TYPE_SCALE, android.healthconnect.datatypes.Device.DEVICE_TYPE_RING, android.healthconnect.datatypes.Device.DEVICE_TYPE_HEAD_MOUNTED, android.healthconnect.datatypes.Device.DEVICE_TYPE_FITNESS_BAND, android.healthconnect.datatypes.Device.DEVICE_TYPE_CHEST_STRAP, android.healthconnect.datatypes.Device.DEVICE_TYPE_SMART_DISPLAY}" />
    </annotation>
  </item>
  <item name="android.healthconnect.datatypes.ExerciseEventRecord int getEventType()">
    <annotation name="androidx.annotation.IntDef">
      <val name="value" val="{android.healthconnect.datatypes.ExerciseEventRecord.ExerciseEventType.EXERCISE_EVENT_TYPE_UNKNOWN, android.healthconnect.datatypes.ExerciseEventRecord.ExerciseEventType.EXERCISE_EVENT_TYPE_PAUSE, android.healthconnect.datatypes.ExerciseEventRecord.ExerciseEventType.EXERCISE_EVENT_TYPE_REST}" />
    </annotation>
  </item>
  <item name="android.healthconnect.datatypes.ExerciseEventRecord.Builder Builder(android.healthconnect.datatypes.Metadata, java.time.Instant, java.time.Instant, int) 3">
    <annotation name="androidx.annotation.IntDef">
      <val name="value" val="{android.healthconnect.datatypes.ExerciseEventRecord.ExerciseEventType.EXERCISE_EVENT_TYPE_UNKNOWN, android.healthconnect.datatypes.ExerciseEventRecord.ExerciseEventType.EXERCISE_EVENT_TYPE_PAUSE, android.healthconnect.datatypes.ExerciseEventRecord.ExerciseEventType.EXERCISE_EVENT_TYPE_REST}" />
    </annotation>
  </item>
  <item name="android.healthconnect.datatypes.NutritionRecord int getMealType()">
    <annotation name="androidx.annotation.IntDef">
      <val name="value" val="{android.healthconnect.datatypes.MealType.MEAL_TYPE_UNKNOWN, android.healthconnect.datatypes.MealType.MEAL_TYPE_BREAKFAST, android.healthconnect.datatypes.MealType.MEAL_TYPE_LUNCH, android.healthconnect.datatypes.MealType.MEAL_TYPE_DINNER, android.healthconnect.datatypes.MealType.MEAL_TYPE_SNACK}" />
    </annotation>
  </item>
  <item name="android.healthconnect.datatypes.NutritionRecord.Builder android.healthconnect.datatypes.NutritionRecord.Builder setMealType(int) 0">
    <annotation name="androidx.annotation.IntDef">
      <val name="value" val="{android.healthconnect.datatypes.MealType.MEAL_TYPE_UNKNOWN, android.healthconnect.datatypes.MealType.MEAL_TYPE_BREAKFAST, android.healthconnect.datatypes.MealType.MEAL_TYPE_LUNCH, android.healthconnect.datatypes.MealType.MEAL_TYPE_DINNER, android.healthconnect.datatypes.MealType.MEAL_TYPE_SNACK}" />
    </annotation>
  </item>
  <item name="android.healthconnect.datatypes.Record int getRecordType()">
    <annotation name="androidx.annotation.IntDef">
      <val name="value" val="{android.healthconnect.datatypes.RecordTypeIdentifier.RECORD_TYPE_UNKNOWN, android.healthconnect.datatypes.RecordTypeIdentifier.RECORD_TYPE_STEPS, android.healthconnect.datatypes.RecordTypeIdentifier.RECORD_TYPE_HEART_RATE, android.healthconnect.datatypes.RecordTypeIdentifier.RECORD_TYPE_BASAL_METABOLIC_RATE, android.healthconnect.datatypes.RecordTypeIdentifier.RECORD_TYPE_CYCLING_PEDALING_CADENCE, android.healthconnect.datatypes.RecordTypeIdentifier.RECORD_TYPE_POWER, android.healthconnect.datatypes.RecordTypeIdentifier.RECORD_TYPE_SPEED, android.healthconnect.datatypes.RecordTypeIdentifier.RECORD_TYPE_STEPS_CADENCE, android.healthconnect.datatypes.RecordTypeIdentifier.RECORD_TYPE_DISTANCE, android.healthconnect.datatypes.RecordTypeIdentifier.RECORD_TYPE_WHEELCHAIR_PUSHES, android.healthconnect.datatypes.RecordTypeIdentifier.RECORD_TYPE_TOTAL_CALORIES_BURNED, android.healthconnect.datatypes.RecordTypeIdentifier.RECORD_TYPE_SWIMMING_STROKES, android.healthconnect.datatypes.RecordTypeIdentifier.RECORD_TYPE_FLOORS_CLIMBED, android.healthconnect.datatypes.RecordTypeIdentifier.RECORD_TYPE_ELEVATION_GAINED, android.healthconnect.datatypes.RecordTypeIdentifier.RECORD_TYPE_ACTIVE_CALORIES_BURNED, android.healthconnect.datatypes.RecordTypeIdentifier.RECORD_TYPE_HYDRATION, android.healthconnect.datatypes.RecordTypeIdentifier.RECORD_TYPE_SLEEP_SESSION, android.healthconnect.datatypes.RecordTypeIdentifier.RECORD_TYPE_SLEEP_STAGE, android.healthconnect.datatypes.RecordTypeIdentifier.RECORD_TYPE_EXERCISE_EVENT, android.healthconnect.datatypes.RecordTypeIdentifier.RECORD_TYPE_EXERCISE_LAP, android.healthconnect.datatypes.RecordTypeIdentifier.RECORD_TYPE_NUTRITION}" />
    </annotation>
  </item>
</root>

