signature,file,startline,startcol,endline,endcol,properties
Lcom/android/healthfitness/flags/CustomFeatureFlags;->activityIntensity()Z,out/soong/.intermediates/packages/modules/HealthFitness/flags/healthfitness-aconfig-flags-lib/android_common_apex34/javac/srcjars/com/android/healthfitness/flags/CustomFeatureFlags.java,21,5,21,25,
Lcom/android/healthfitness/flags/CustomFeatureFlags;->activityIntensityDb()Z,out/soong/.intermediates/packages/modules/HealthFitness/flags/healthfitness-aconfig-flags-lib/android_common_apex34/javac/srcjars/com/android/healthfitness/flags/CustomFeatureFlags.java,28,5,28,25,
Lcom/android/healthfitness/flags/CustomFeatureFlags;->addMissingAccessLogs()Z,out/soong/.intermediates/packages/modules/HealthFitness/flags/healthfitness-aconfig-flags-lib/android_common_apex34/javac/srcjars/com/android/healthfitness/flags/CustomFeatureFlags.java,35,5,35,25,
Lcom/android/healthfitness/flags/CustomFeatureFlags;->architectureImprovement()Z,out/soong/.intermediates/packages/modules/HealthFitness/flags/healthfitness-aconfig-flags-lib/android_common_apex34/javac/srcjars/com/android/healthfitness/flags/CustomFeatureFlags.java,42,5,42,25,
Lcom/android/healthfitness/flags/CustomFeatureFlags;->clearCachesAfterSwitchingUser()Z,out/soong/.intermediates/packages/modules/HealthFitness/flags/healthfitness-aconfig-flags-lib/android_common_apex34/javac/srcjars/com/android/healthfitness/flags/CustomFeatureFlags.java,49,5,49,25,
Lcom/android/healthfitness/flags/CustomFeatureFlags;->cloudBackupAndRestore()Z,out/soong/.intermediates/packages/modules/HealthFitness/flags/healthfitness-aconfig-flags-lib/android_common_apex34/javac/srcjars/com/android/healthfitness/flags/CustomFeatureFlags.java,56,5,56,25,
Lcom/android/healthfitness/flags/CustomFeatureFlags;->cyclePhases()Z,out/soong/.intermediates/packages/modules/HealthFitness/flags/healthfitness-aconfig-flags-lib/android_common_apex34/javac/srcjars/com/android/healthfitness/flags/CustomFeatureFlags.java,63,5,63,25,
Lcom/android/healthfitness/flags/CustomFeatureFlags;->d2dFileDeletionBugFix()Z,out/soong/.intermediates/packages/modules/HealthFitness/flags/healthfitness-aconfig-flags-lib/android_common_apex34/javac/srcjars/com/android/healthfitness/flags/CustomFeatureFlags.java,70,5,70,25,
Lcom/android/healthfitness/flags/CustomFeatureFlags;->dependencyInjection()Z,out/soong/.intermediates/packages/modules/HealthFitness/flags/healthfitness-aconfig-flags-lib/android_common_apex34/javac/srcjars/com/android/healthfitness/flags/CustomFeatureFlags.java,77,5,77,25,
Lcom/android/healthfitness/flags/CustomFeatureFlags;->deprecateExerciseSessionTypeBreathing()Z,out/soong/.intermediates/packages/modules/HealthFitness/flags/healthfitness-aconfig-flags-lib/android_common_apex34/javac/srcjars/com/android/healthfitness/flags/CustomFeatureFlags.java,84,5,84,25,
Lcom/android/healthfitness/flags/CustomFeatureFlags;->developmentDatabase()Z,out/soong/.intermediates/packages/modules/HealthFitness/flags/healthfitness-aconfig-flags-lib/android_common_apex34/javac/srcjars/com/android/healthfitness/flags/CustomFeatureFlags.java,91,5,91,25,
Lcom/android/healthfitness/flags/CustomFeatureFlags;->ecosystemMetrics()Z,out/soong/.intermediates/packages/modules/HealthFitness/flags/healthfitness-aconfig-flags-lib/android_common_apex34/javac/srcjars/com/android/healthfitness/flags/CustomFeatureFlags.java,98,5,98,25,
Lcom/android/healthfitness/flags/CustomFeatureFlags;->ecosystemMetricsDbChanges()Z,out/soong/.intermediates/packages/modules/HealthFitness/flags/healthfitness-aconfig-flags-lib/android_common_apex34/javac/srcjars/com/android/healthfitness/flags/CustomFeatureFlags.java,105,5,105,25,
Lcom/android/healthfitness/flags/CustomFeatureFlags;->exportImport()Z,out/soong/.intermediates/packages/modules/HealthFitness/flags/healthfitness-aconfig-flags-lib/android_common_apex34/javac/srcjars/com/android/healthfitness/flags/CustomFeatureFlags.java,112,5,112,25,
Lcom/android/healthfitness/flags/CustomFeatureFlags;->exportImportFastFollow()Z,out/soong/.intermediates/packages/modules/HealthFitness/flags/healthfitness-aconfig-flags-lib/android_common_apex34/javac/srcjars/com/android/healthfitness/flags/CustomFeatureFlags.java,119,5,119,25,
Lcom/android/healthfitness/flags/CustomFeatureFlags;->exportImportNiceToHave()Z,out/soong/.intermediates/packages/modules/HealthFitness/flags/healthfitness-aconfig-flags-lib/android_common_apex34/javac/srcjars/com/android/healthfitness/flags/CustomFeatureFlags.java,126,5,126,25,
Lcom/android/healthfitness/flags/CustomFeatureFlags;->expressiveThemingEnabled()Z,out/soong/.intermediates/packages/modules/HealthFitness/flags/healthfitness-aconfig-flags-lib/android_common_apex34/javac/srcjars/com/android/healthfitness/flags/CustomFeatureFlags.java,133,5,133,25,
Lcom/android/healthfitness/flags/CustomFeatureFlags;->healthConnectMappings()Z,out/soong/.intermediates/packages/modules/HealthFitness/flags/healthfitness-aconfig-flags-lib/android_common_apex34/javac/srcjars/com/android/healthfitness/flags/CustomFeatureFlags.java,140,5,140,25,
Lcom/android/healthfitness/flags/CustomFeatureFlags;->immediateExport()Z,out/soong/.intermediates/packages/modules/HealthFitness/flags/healthfitness-aconfig-flags-lib/android_common_apex34/javac/srcjars/com/android/healthfitness/flags/CustomFeatureFlags.java,147,5,147,25,
Lcom/android/healthfitness/flags/CustomFeatureFlags;->infraToGuardDbChanges()Z,out/soong/.intermediates/packages/modules/HealthFitness/flags/healthfitness-aconfig-flags-lib/android_common_apex34/javac/srcjars/com/android/healthfitness/flags/CustomFeatureFlags.java,154,5,154,25,
Lcom/android/healthfitness/flags/CustomFeatureFlags;->logcatCensorIae()Z,out/soong/.intermediates/packages/modules/HealthFitness/flags/healthfitness-aconfig-flags-lib/android_common_apex34/javac/srcjars/com/android/healthfitness/flags/CustomFeatureFlags.java,161,5,161,25,
Lcom/android/healthfitness/flags/CustomFeatureFlags;->mindfulness()Z,out/soong/.intermediates/packages/modules/HealthFitness/flags/healthfitness-aconfig-flags-lib/android_common_apex34/javac/srcjars/com/android/healthfitness/flags/CustomFeatureFlags.java,168,5,168,25,
Lcom/android/healthfitness/flags/CustomFeatureFlags;->newInformationArchitecture()Z,out/soong/.intermediates/packages/modules/HealthFitness/flags/healthfitness-aconfig-flags-lib/android_common_apex34/javac/srcjars/com/android/healthfitness/flags/CustomFeatureFlags.java,175,5,175,25,
Lcom/android/healthfitness/flags/CustomFeatureFlags;->onboarding()Z,out/soong/.intermediates/packages/modules/HealthFitness/flags/healthfitness-aconfig-flags-lib/android_common_apex34/javac/srcjars/com/android/healthfitness/flags/CustomFeatureFlags.java,182,5,182,25,
Lcom/android/healthfitness/flags/CustomFeatureFlags;->permissionMetrics()Z,out/soong/.intermediates/packages/modules/HealthFitness/flags/healthfitness-aconfig-flags-lib/android_common_apex34/javac/srcjars/com/android/healthfitness/flags/CustomFeatureFlags.java,189,5,189,25,
Lcom/android/healthfitness/flags/CustomFeatureFlags;->permissionTrackerFixMappingInit()Z,out/soong/.intermediates/packages/modules/HealthFitness/flags/healthfitness-aconfig-flags-lib/android_common_apex34/javac/srcjars/com/android/healthfitness/flags/CustomFeatureFlags.java,196,5,196,25,
Lcom/android/healthfitness/flags/CustomFeatureFlags;->personalHealthRecord()Z,out/soong/.intermediates/packages/modules/HealthFitness/flags/healthfitness-aconfig-flags-lib/android_common_apex34/javac/srcjars/com/android/healthfitness/flags/CustomFeatureFlags.java,203,5,203,25,
Lcom/android/healthfitness/flags/CustomFeatureFlags;->personalHealthRecordDatabase()Z,out/soong/.intermediates/packages/modules/HealthFitness/flags/healthfitness-aconfig-flags-lib/android_common_apex34/javac/srcjars/com/android/healthfitness/flags/CustomFeatureFlags.java,210,5,210,25,
Lcom/android/healthfitness/flags/CustomFeatureFlags;->personalHealthRecordDisableD2d()Z,out/soong/.intermediates/packages/modules/HealthFitness/flags/healthfitness-aconfig-flags-lib/android_common_apex34/javac/srcjars/com/android/healthfitness/flags/CustomFeatureFlags.java,217,5,217,25,
Lcom/android/healthfitness/flags/CustomFeatureFlags;->personalHealthRecordDisableExportImport()Z,out/soong/.intermediates/packages/modules/HealthFitness/flags/healthfitness-aconfig-flags-lib/android_common_apex34/javac/srcjars/com/android/healthfitness/flags/CustomFeatureFlags.java,224,5,224,25,
Lcom/android/healthfitness/flags/CustomFeatureFlags;->personalHealthRecordEnableD2dAndExportImport()Z,out/soong/.intermediates/packages/modules/HealthFitness/flags/healthfitness-aconfig-flags-lib/android_common_apex34/javac/srcjars/com/android/healthfitness/flags/CustomFeatureFlags.java,231,5,231,25,
Lcom/android/healthfitness/flags/CustomFeatureFlags;->personalHealthRecordEntriesScreen()Z,out/soong/.intermediates/packages/modules/HealthFitness/flags/healthfitness-aconfig-flags-lib/android_common_apex34/javac/srcjars/com/android/healthfitness/flags/CustomFeatureFlags.java,238,5,238,25,
Lcom/android/healthfitness/flags/CustomFeatureFlags;->personalHealthRecordLockScreenBanner()Z,out/soong/.intermediates/packages/modules/HealthFitness/flags/healthfitness-aconfig-flags-lib/android_common_apex34/javac/srcjars/com/android/healthfitness/flags/CustomFeatureFlags.java,245,5,245,25,
Lcom/android/healthfitness/flags/CustomFeatureFlags;->personalHealthRecordTelemetry()Z,out/soong/.intermediates/packages/modules/HealthFitness/flags/healthfitness-aconfig-flags-lib/android_common_apex34/javac/srcjars/com/android/healthfitness/flags/CustomFeatureFlags.java,252,5,252,25,
Lcom/android/healthfitness/flags/CustomFeatureFlags;->personalHealthRecordTelemetryPrivateWw()Z,out/soong/.intermediates/packages/modules/HealthFitness/flags/healthfitness-aconfig-flags-lib/android_common_apex34/javac/srcjars/com/android/healthfitness/flags/CustomFeatureFlags.java,259,5,259,25,
Lcom/android/healthfitness/flags/CustomFeatureFlags;->personalHealthRecordUiTelemetry()Z,out/soong/.intermediates/packages/modules/HealthFitness/flags/healthfitness-aconfig-flags-lib/android_common_apex34/javac/srcjars/com/android/healthfitness/flags/CustomFeatureFlags.java,266,5,266,25,
Lcom/android/healthfitness/flags/CustomFeatureFlags;->phrFhirBasicComplexTypeValidation()Z,out/soong/.intermediates/packages/modules/HealthFitness/flags/healthfitness-aconfig-flags-lib/android_common_apex34/javac/srcjars/com/android/healthfitness/flags/CustomFeatureFlags.java,273,5,273,25,
Lcom/android/healthfitness/flags/CustomFeatureFlags;->phrFhirComplexTypeValidation()Z,out/soong/.intermediates/packages/modules/HealthFitness/flags/healthfitness-aconfig-flags-lib/android_common_apex34/javac/srcjars/com/android/healthfitness/flags/CustomFeatureFlags.java,280,5,280,25,
Lcom/android/healthfitness/flags/CustomFeatureFlags;->phrFhirOneofValidation()Z,out/soong/.intermediates/packages/modules/HealthFitness/flags/healthfitness-aconfig-flags-lib/android_common_apex34/javac/srcjars/com/android/healthfitness/flags/CustomFeatureFlags.java,287,5,287,25,
Lcom/android/healthfitness/flags/CustomFeatureFlags;->phrFhirPrimitiveTypeValidation()Z,out/soong/.intermediates/packages/modules/HealthFitness/flags/healthfitness-aconfig-flags-lib/android_common_apex34/javac/srcjars/com/android/healthfitness/flags/CustomFeatureFlags.java,294,5,294,25,
Lcom/android/healthfitness/flags/CustomFeatureFlags;->phrFhirStructuralValidation()Z,out/soong/.intermediates/packages/modules/HealthFitness/flags/healthfitness-aconfig-flags-lib/android_common_apex34/javac/srcjars/com/android/healthfitness/flags/CustomFeatureFlags.java,301,5,301,25,
Lcom/android/healthfitness/flags/CustomFeatureFlags;->phrReadMedicalResourcesFixQueryLimit()Z,out/soong/.intermediates/packages/modules/HealthFitness/flags/healthfitness-aconfig-flags-lib/android_common_apex34/javac/srcjars/com/android/healthfitness/flags/CustomFeatureFlags.java,308,5,308,25,
Lcom/android/healthfitness/flags/CustomFeatureFlags;->phrUpsertFixParcelSizeCalculation()Z,out/soong/.intermediates/packages/modules/HealthFitness/flags/healthfitness-aconfig-flags-lib/android_common_apex34/javac/srcjars/com/android/healthfitness/flags/CustomFeatureFlags.java,315,5,315,25,
Lcom/android/healthfitness/flags/CustomFeatureFlags;->phrUpsertFixUseSharedMemory()Z,out/soong/.intermediates/packages/modules/HealthFitness/flags/healthfitness-aconfig-flags-lib/android_common_apex34/javac/srcjars/com/android/healthfitness/flags/CustomFeatureFlags.java,322,5,322,25,
Lcom/android/healthfitness/flags/CustomFeatureFlags;->readAssetsForDisabledAppsFromPackageManager()Z,out/soong/.intermediates/packages/modules/HealthFitness/flags/healthfitness-aconfig-flags-lib/android_common_apex34/javac/srcjars/com/android/healthfitness/flags/CustomFeatureFlags.java,329,5,329,25,
Lcom/android/healthfitness/flags/CustomFeatureFlags;->replaceBodySensorPermissionEnabled()Z,out/soong/.intermediates/packages/modules/HealthFitness/flags/healthfitness-aconfig-flags-lib/android_common_apex34/javac/srcjars/com/android/healthfitness/flags/CustomFeatureFlags.java,336,5,336,25,
Lcom/android/healthfitness/flags/FeatureFlags;->activityIntensity()Z,out/soong/.intermediates/packages/modules/HealthFitness/flags/healthfitness-aconfig-flags-lib/android_common_apex34/javac/srcjars/com/android/healthfitness/flags/FeatureFlags.java,9,5,9,25,
Lcom/android/healthfitness/flags/FeatureFlags;->activityIntensityDb()Z,out/soong/.intermediates/packages/modules/HealthFitness/flags/healthfitness-aconfig-flags-lib/android_common_apex34/javac/srcjars/com/android/healthfitness/flags/FeatureFlags.java,13,5,13,25,
Lcom/android/healthfitness/flags/FeatureFlags;->addMissingAccessLogs()Z,out/soong/.intermediates/packages/modules/HealthFitness/flags/healthfitness-aconfig-flags-lib/android_common_apex34/javac/srcjars/com/android/healthfitness/flags/FeatureFlags.java,17,5,17,25,
Lcom/android/healthfitness/flags/FeatureFlags;->architectureImprovement()Z,out/soong/.intermediates/packages/modules/HealthFitness/flags/healthfitness-aconfig-flags-lib/android_common_apex34/javac/srcjars/com/android/healthfitness/flags/FeatureFlags.java,21,5,21,25,
Lcom/android/healthfitness/flags/FeatureFlags;->clearCachesAfterSwitchingUser()Z,out/soong/.intermediates/packages/modules/HealthFitness/flags/healthfitness-aconfig-flags-lib/android_common_apex34/javac/srcjars/com/android/healthfitness/flags/FeatureFlags.java,25,5,25,25,
Lcom/android/healthfitness/flags/FeatureFlags;->cloudBackupAndRestore()Z,out/soong/.intermediates/packages/modules/HealthFitness/flags/healthfitness-aconfig-flags-lib/android_common_apex34/javac/srcjars/com/android/healthfitness/flags/FeatureFlags.java,29,5,29,25,
Lcom/android/healthfitness/flags/FeatureFlags;->cyclePhases()Z,out/soong/.intermediates/packages/modules/HealthFitness/flags/healthfitness-aconfig-flags-lib/android_common_apex34/javac/srcjars/com/android/healthfitness/flags/FeatureFlags.java,33,5,33,25,
Lcom/android/healthfitness/flags/FeatureFlags;->d2dFileDeletionBugFix()Z,out/soong/.intermediates/packages/modules/HealthFitness/flags/healthfitness-aconfig-flags-lib/android_common_apex34/javac/srcjars/com/android/healthfitness/flags/FeatureFlags.java,37,5,37,25,
Lcom/android/healthfitness/flags/FeatureFlags;->dependencyInjection()Z,out/soong/.intermediates/packages/modules/HealthFitness/flags/healthfitness-aconfig-flags-lib/android_common_apex34/javac/srcjars/com/android/healthfitness/flags/FeatureFlags.java,41,5,41,25,
Lcom/android/healthfitness/flags/FeatureFlags;->deprecateExerciseSessionTypeBreathing()Z,out/soong/.intermediates/packages/modules/HealthFitness/flags/healthfitness-aconfig-flags-lib/android_common_apex34/javac/srcjars/com/android/healthfitness/flags/FeatureFlags.java,45,5,45,25,
Lcom/android/healthfitness/flags/FeatureFlags;->developmentDatabase()Z,out/soong/.intermediates/packages/modules/HealthFitness/flags/healthfitness-aconfig-flags-lib/android_common_apex34/javac/srcjars/com/android/healthfitness/flags/FeatureFlags.java,49,5,49,25,
Lcom/android/healthfitness/flags/FeatureFlags;->ecosystemMetrics()Z,out/soong/.intermediates/packages/modules/HealthFitness/flags/healthfitness-aconfig-flags-lib/android_common_apex34/javac/srcjars/com/android/healthfitness/flags/FeatureFlags.java,53,5,53,25,
Lcom/android/healthfitness/flags/FeatureFlags;->ecosystemMetricsDbChanges()Z,out/soong/.intermediates/packages/modules/HealthFitness/flags/healthfitness-aconfig-flags-lib/android_common_apex34/javac/srcjars/com/android/healthfitness/flags/FeatureFlags.java,57,5,57,25,
Lcom/android/healthfitness/flags/FeatureFlags;->exportImport()Z,out/soong/.intermediates/packages/modules/HealthFitness/flags/healthfitness-aconfig-flags-lib/android_common_apex34/javac/srcjars/com/android/healthfitness/flags/FeatureFlags.java,61,5,61,25,
Lcom/android/healthfitness/flags/FeatureFlags;->exportImportFastFollow()Z,out/soong/.intermediates/packages/modules/HealthFitness/flags/healthfitness-aconfig-flags-lib/android_common_apex34/javac/srcjars/com/android/healthfitness/flags/FeatureFlags.java,65,5,65,25,
Lcom/android/healthfitness/flags/FeatureFlags;->exportImportNiceToHave()Z,out/soong/.intermediates/packages/modules/HealthFitness/flags/healthfitness-aconfig-flags-lib/android_common_apex34/javac/srcjars/com/android/healthfitness/flags/FeatureFlags.java,69,5,69,25,
Lcom/android/healthfitness/flags/FeatureFlags;->expressiveThemingEnabled()Z,out/soong/.intermediates/packages/modules/HealthFitness/flags/healthfitness-aconfig-flags-lib/android_common_apex34/javac/srcjars/com/android/healthfitness/flags/FeatureFlags.java,73,5,73,25,
Lcom/android/healthfitness/flags/FeatureFlags;->healthConnectMappings()Z,out/soong/.intermediates/packages/modules/HealthFitness/flags/healthfitness-aconfig-flags-lib/android_common_apex34/javac/srcjars/com/android/healthfitness/flags/FeatureFlags.java,77,5,77,25,
Lcom/android/healthfitness/flags/FeatureFlags;->immediateExport()Z,out/soong/.intermediates/packages/modules/HealthFitness/flags/healthfitness-aconfig-flags-lib/android_common_apex34/javac/srcjars/com/android/healthfitness/flags/FeatureFlags.java,81,5,81,25,
Lcom/android/healthfitness/flags/FeatureFlags;->infraToGuardDbChanges()Z,out/soong/.intermediates/packages/modules/HealthFitness/flags/healthfitness-aconfig-flags-lib/android_common_apex34/javac/srcjars/com/android/healthfitness/flags/FeatureFlags.java,85,5,85,25,
Lcom/android/healthfitness/flags/FeatureFlags;->logcatCensorIae()Z,out/soong/.intermediates/packages/modules/HealthFitness/flags/healthfitness-aconfig-flags-lib/android_common_apex34/javac/srcjars/com/android/healthfitness/flags/FeatureFlags.java,89,5,89,25,
Lcom/android/healthfitness/flags/FeatureFlags;->mindfulness()Z,out/soong/.intermediates/packages/modules/HealthFitness/flags/healthfitness-aconfig-flags-lib/android_common_apex34/javac/srcjars/com/android/healthfitness/flags/FeatureFlags.java,93,5,93,25,
Lcom/android/healthfitness/flags/FeatureFlags;->newInformationArchitecture()Z,out/soong/.intermediates/packages/modules/HealthFitness/flags/healthfitness-aconfig-flags-lib/android_common_apex34/javac/srcjars/com/android/healthfitness/flags/FeatureFlags.java,97,5,97,25,
Lcom/android/healthfitness/flags/FeatureFlags;->onboarding()Z,out/soong/.intermediates/packages/modules/HealthFitness/flags/healthfitness-aconfig-flags-lib/android_common_apex34/javac/srcjars/com/android/healthfitness/flags/FeatureFlags.java,101,5,101,25,
Lcom/android/healthfitness/flags/FeatureFlags;->permissionMetrics()Z,out/soong/.intermediates/packages/modules/HealthFitness/flags/healthfitness-aconfig-flags-lib/android_common_apex34/javac/srcjars/com/android/healthfitness/flags/FeatureFlags.java,105,5,105,25,
Lcom/android/healthfitness/flags/FeatureFlags;->permissionTrackerFixMappingInit()Z,out/soong/.intermediates/packages/modules/HealthFitness/flags/healthfitness-aconfig-flags-lib/android_common_apex34/javac/srcjars/com/android/healthfitness/flags/FeatureFlags.java,109,5,109,25,
Lcom/android/healthfitness/flags/FeatureFlags;->personalHealthRecord()Z,out/soong/.intermediates/packages/modules/HealthFitness/flags/healthfitness-aconfig-flags-lib/android_common_apex34/javac/srcjars/com/android/healthfitness/flags/FeatureFlags.java,113,5,113,25,
Lcom/android/healthfitness/flags/FeatureFlags;->personalHealthRecordDatabase()Z,out/soong/.intermediates/packages/modules/HealthFitness/flags/healthfitness-aconfig-flags-lib/android_common_apex34/javac/srcjars/com/android/healthfitness/flags/FeatureFlags.java,117,5,117,25,
Lcom/android/healthfitness/flags/FeatureFlags;->personalHealthRecordDisableD2d()Z,out/soong/.intermediates/packages/modules/HealthFitness/flags/healthfitness-aconfig-flags-lib/android_common_apex34/javac/srcjars/com/android/healthfitness/flags/FeatureFlags.java,121,5,121,25,
Lcom/android/healthfitness/flags/FeatureFlags;->personalHealthRecordDisableExportImport()Z,out/soong/.intermediates/packages/modules/HealthFitness/flags/healthfitness-aconfig-flags-lib/android_common_apex34/javac/srcjars/com/android/healthfitness/flags/FeatureFlags.java,125,5,125,25,
Lcom/android/healthfitness/flags/FeatureFlags;->personalHealthRecordEnableD2dAndExportImport()Z,out/soong/.intermediates/packages/modules/HealthFitness/flags/healthfitness-aconfig-flags-lib/android_common_apex34/javac/srcjars/com/android/healthfitness/flags/FeatureFlags.java,129,5,129,25,
Lcom/android/healthfitness/flags/FeatureFlags;->personalHealthRecordEntriesScreen()Z,out/soong/.intermediates/packages/modules/HealthFitness/flags/healthfitness-aconfig-flags-lib/android_common_apex34/javac/srcjars/com/android/healthfitness/flags/FeatureFlags.java,133,5,133,25,
Lcom/android/healthfitness/flags/FeatureFlags;->personalHealthRecordLockScreenBanner()Z,out/soong/.intermediates/packages/modules/HealthFitness/flags/healthfitness-aconfig-flags-lib/android_common_apex34/javac/srcjars/com/android/healthfitness/flags/FeatureFlags.java,137,5,137,25,
Lcom/android/healthfitness/flags/FeatureFlags;->personalHealthRecordTelemetry()Z,out/soong/.intermediates/packages/modules/HealthFitness/flags/healthfitness-aconfig-flags-lib/android_common_apex34/javac/srcjars/com/android/healthfitness/flags/FeatureFlags.java,141,5,141,25,
Lcom/android/healthfitness/flags/FeatureFlags;->personalHealthRecordTelemetryPrivateWw()Z,out/soong/.intermediates/packages/modules/HealthFitness/flags/healthfitness-aconfig-flags-lib/android_common_apex34/javac/srcjars/com/android/healthfitness/flags/FeatureFlags.java,145,5,145,25,
Lcom/android/healthfitness/flags/FeatureFlags;->personalHealthRecordUiTelemetry()Z,out/soong/.intermediates/packages/modules/HealthFitness/flags/healthfitness-aconfig-flags-lib/android_common_apex34/javac/srcjars/com/android/healthfitness/flags/FeatureFlags.java,149,5,149,25,
Lcom/android/healthfitness/flags/FeatureFlags;->phrFhirBasicComplexTypeValidation()Z,out/soong/.intermediates/packages/modules/HealthFitness/flags/healthfitness-aconfig-flags-lib/android_common_apex34/javac/srcjars/com/android/healthfitness/flags/FeatureFlags.java,153,5,153,25,
Lcom/android/healthfitness/flags/FeatureFlags;->phrFhirComplexTypeValidation()Z,out/soong/.intermediates/packages/modules/HealthFitness/flags/healthfitness-aconfig-flags-lib/android_common_apex34/javac/srcjars/com/android/healthfitness/flags/FeatureFlags.java,157,5,157,25,
Lcom/android/healthfitness/flags/FeatureFlags;->phrFhirOneofValidation()Z,out/soong/.intermediates/packages/modules/HealthFitness/flags/healthfitness-aconfig-flags-lib/android_common_apex34/javac/srcjars/com/android/healthfitness/flags/FeatureFlags.java,161,5,161,25,
Lcom/android/healthfitness/flags/FeatureFlags;->phrFhirPrimitiveTypeValidation()Z,out/soong/.intermediates/packages/modules/HealthFitness/flags/healthfitness-aconfig-flags-lib/android_common_apex34/javac/srcjars/com/android/healthfitness/flags/FeatureFlags.java,165,5,165,25,
Lcom/android/healthfitness/flags/FeatureFlags;->phrFhirStructuralValidation()Z,out/soong/.intermediates/packages/modules/HealthFitness/flags/healthfitness-aconfig-flags-lib/android_common_apex34/javac/srcjars/com/android/healthfitness/flags/FeatureFlags.java,169,5,169,25,
Lcom/android/healthfitness/flags/FeatureFlags;->phrReadMedicalResourcesFixQueryLimit()Z,out/soong/.intermediates/packages/modules/HealthFitness/flags/healthfitness-aconfig-flags-lib/android_common_apex34/javac/srcjars/com/android/healthfitness/flags/FeatureFlags.java,173,5,173,25,
Lcom/android/healthfitness/flags/FeatureFlags;->phrUpsertFixParcelSizeCalculation()Z,out/soong/.intermediates/packages/modules/HealthFitness/flags/healthfitness-aconfig-flags-lib/android_common_apex34/javac/srcjars/com/android/healthfitness/flags/FeatureFlags.java,177,5,177,25,
Lcom/android/healthfitness/flags/FeatureFlags;->phrUpsertFixUseSharedMemory()Z,out/soong/.intermediates/packages/modules/HealthFitness/flags/healthfitness-aconfig-flags-lib/android_common_apex34/javac/srcjars/com/android/healthfitness/flags/FeatureFlags.java,181,5,181,25,
Lcom/android/healthfitness/flags/FeatureFlags;->readAssetsForDisabledAppsFromPackageManager()Z,out/soong/.intermediates/packages/modules/HealthFitness/flags/healthfitness-aconfig-flags-lib/android_common_apex34/javac/srcjars/com/android/healthfitness/flags/FeatureFlags.java,185,5,185,25,
Lcom/android/healthfitness/flags/FeatureFlags;->replaceBodySensorPermissionEnabled()Z,out/soong/.intermediates/packages/modules/HealthFitness/flags/healthfitness-aconfig-flags-lib/android_common_apex34/javac/srcjars/com/android/healthfitness/flags/FeatureFlags.java,189,5,189,25,
Lcom/android/healthfitness/flags/FeatureFlagsImpl;->activityIntensity()Z,out/soong/.intermediates/packages/modules/HealthFitness/flags/healthfitness-aconfig-flags-lib/android_common_apex34/javac/srcjars/com/android/healthfitness/flags/FeatureFlagsImpl.java,8,5,8,25,
Lcom/android/healthfitness/flags/FeatureFlagsImpl;->activityIntensityDb()Z,out/soong/.intermediates/packages/modules/HealthFitness/flags/healthfitness-aconfig-flags-lib/android_common_apex34/javac/srcjars/com/android/healthfitness/flags/FeatureFlagsImpl.java,15,5,15,25,
Lcom/android/healthfitness/flags/FeatureFlagsImpl;->addMissingAccessLogs()Z,out/soong/.intermediates/packages/modules/HealthFitness/flags/healthfitness-aconfig-flags-lib/android_common_apex34/javac/srcjars/com/android/healthfitness/flags/FeatureFlagsImpl.java,22,5,22,25,
Lcom/android/healthfitness/flags/FeatureFlagsImpl;->architectureImprovement()Z,out/soong/.intermediates/packages/modules/HealthFitness/flags/healthfitness-aconfig-flags-lib/android_common_apex34/javac/srcjars/com/android/healthfitness/flags/FeatureFlagsImpl.java,29,5,29,25,
Lcom/android/healthfitness/flags/FeatureFlagsImpl;->clearCachesAfterSwitchingUser()Z,out/soong/.intermediates/packages/modules/HealthFitness/flags/healthfitness-aconfig-flags-lib/android_common_apex34/javac/srcjars/com/android/healthfitness/flags/FeatureFlagsImpl.java,36,5,36,25,
Lcom/android/healthfitness/flags/FeatureFlagsImpl;->cloudBackupAndRestore()Z,out/soong/.intermediates/packages/modules/HealthFitness/flags/healthfitness-aconfig-flags-lib/android_common_apex34/javac/srcjars/com/android/healthfitness/flags/FeatureFlagsImpl.java,43,5,43,25,
Lcom/android/healthfitness/flags/FeatureFlagsImpl;->cyclePhases()Z,out/soong/.intermediates/packages/modules/HealthFitness/flags/healthfitness-aconfig-flags-lib/android_common_apex34/javac/srcjars/com/android/healthfitness/flags/FeatureFlagsImpl.java,50,5,50,25,
Lcom/android/healthfitness/flags/FeatureFlagsImpl;->d2dFileDeletionBugFix()Z,out/soong/.intermediates/packages/modules/HealthFitness/flags/healthfitness-aconfig-flags-lib/android_common_apex34/javac/srcjars/com/android/healthfitness/flags/FeatureFlagsImpl.java,57,5,57,25,
Lcom/android/healthfitness/flags/FeatureFlagsImpl;->dependencyInjection()Z,out/soong/.intermediates/packages/modules/HealthFitness/flags/healthfitness-aconfig-flags-lib/android_common_apex34/javac/srcjars/com/android/healthfitness/flags/FeatureFlagsImpl.java,64,5,64,25,
Lcom/android/healthfitness/flags/FeatureFlagsImpl;->deprecateExerciseSessionTypeBreathing()Z,out/soong/.intermediates/packages/modules/HealthFitness/flags/healthfitness-aconfig-flags-lib/android_common_apex34/javac/srcjars/com/android/healthfitness/flags/FeatureFlagsImpl.java,71,5,71,25,
Lcom/android/healthfitness/flags/FeatureFlagsImpl;->developmentDatabase()Z,out/soong/.intermediates/packages/modules/HealthFitness/flags/healthfitness-aconfig-flags-lib/android_common_apex34/javac/srcjars/com/android/healthfitness/flags/FeatureFlagsImpl.java,78,5,78,25,
Lcom/android/healthfitness/flags/FeatureFlagsImpl;->ecosystemMetrics()Z,out/soong/.intermediates/packages/modules/HealthFitness/flags/healthfitness-aconfig-flags-lib/android_common_apex34/javac/srcjars/com/android/healthfitness/flags/FeatureFlagsImpl.java,85,5,85,25,
Lcom/android/healthfitness/flags/FeatureFlagsImpl;->ecosystemMetricsDbChanges()Z,out/soong/.intermediates/packages/modules/HealthFitness/flags/healthfitness-aconfig-flags-lib/android_common_apex34/javac/srcjars/com/android/healthfitness/flags/FeatureFlagsImpl.java,92,5,92,25,
Lcom/android/healthfitness/flags/FeatureFlagsImpl;->exportImport()Z,out/soong/.intermediates/packages/modules/HealthFitness/flags/healthfitness-aconfig-flags-lib/android_common_apex34/javac/srcjars/com/android/healthfitness/flags/FeatureFlagsImpl.java,99,5,99,25,
Lcom/android/healthfitness/flags/FeatureFlagsImpl;->exportImportFastFollow()Z,out/soong/.intermediates/packages/modules/HealthFitness/flags/healthfitness-aconfig-flags-lib/android_common_apex34/javac/srcjars/com/android/healthfitness/flags/FeatureFlagsImpl.java,106,5,106,25,
Lcom/android/healthfitness/flags/FeatureFlagsImpl;->exportImportNiceToHave()Z,out/soong/.intermediates/packages/modules/HealthFitness/flags/healthfitness-aconfig-flags-lib/android_common_apex34/javac/srcjars/com/android/healthfitness/flags/FeatureFlagsImpl.java,113,5,113,25,
Lcom/android/healthfitness/flags/FeatureFlagsImpl;->expressiveThemingEnabled()Z,out/soong/.intermediates/packages/modules/HealthFitness/flags/healthfitness-aconfig-flags-lib/android_common_apex34/javac/srcjars/com/android/healthfitness/flags/FeatureFlagsImpl.java,120,5,120,25,
Lcom/android/healthfitness/flags/FeatureFlagsImpl;->healthConnectMappings()Z,out/soong/.intermediates/packages/modules/HealthFitness/flags/healthfitness-aconfig-flags-lib/android_common_apex34/javac/srcjars/com/android/healthfitness/flags/FeatureFlagsImpl.java,127,5,127,25,
Lcom/android/healthfitness/flags/FeatureFlagsImpl;->immediateExport()Z,out/soong/.intermediates/packages/modules/HealthFitness/flags/healthfitness-aconfig-flags-lib/android_common_apex34/javac/srcjars/com/android/healthfitness/flags/FeatureFlagsImpl.java,134,5,134,25,
Lcom/android/healthfitness/flags/FeatureFlagsImpl;->infraToGuardDbChanges()Z,out/soong/.intermediates/packages/modules/HealthFitness/flags/healthfitness-aconfig-flags-lib/android_common_apex34/javac/srcjars/com/android/healthfitness/flags/FeatureFlagsImpl.java,141,5,141,25,
Lcom/android/healthfitness/flags/FeatureFlagsImpl;->logcatCensorIae()Z,out/soong/.intermediates/packages/modules/HealthFitness/flags/healthfitness-aconfig-flags-lib/android_common_apex34/javac/srcjars/com/android/healthfitness/flags/FeatureFlagsImpl.java,148,5,148,25,
Lcom/android/healthfitness/flags/FeatureFlagsImpl;->mindfulness()Z,out/soong/.intermediates/packages/modules/HealthFitness/flags/healthfitness-aconfig-flags-lib/android_common_apex34/javac/srcjars/com/android/healthfitness/flags/FeatureFlagsImpl.java,155,5,155,25,
Lcom/android/healthfitness/flags/FeatureFlagsImpl;->newInformationArchitecture()Z,out/soong/.intermediates/packages/modules/HealthFitness/flags/healthfitness-aconfig-flags-lib/android_common_apex34/javac/srcjars/com/android/healthfitness/flags/FeatureFlagsImpl.java,162,5,162,25,
Lcom/android/healthfitness/flags/FeatureFlagsImpl;->onboarding()Z,out/soong/.intermediates/packages/modules/HealthFitness/flags/healthfitness-aconfig-flags-lib/android_common_apex34/javac/srcjars/com/android/healthfitness/flags/FeatureFlagsImpl.java,169,5,169,25,
Lcom/android/healthfitness/flags/FeatureFlagsImpl;->permissionMetrics()Z,out/soong/.intermediates/packages/modules/HealthFitness/flags/healthfitness-aconfig-flags-lib/android_common_apex34/javac/srcjars/com/android/healthfitness/flags/FeatureFlagsImpl.java,176,5,176,25,
Lcom/android/healthfitness/flags/FeatureFlagsImpl;->permissionTrackerFixMappingInit()Z,out/soong/.intermediates/packages/modules/HealthFitness/flags/healthfitness-aconfig-flags-lib/android_common_apex34/javac/srcjars/com/android/healthfitness/flags/FeatureFlagsImpl.java,183,5,183,25,
Lcom/android/healthfitness/flags/FeatureFlagsImpl;->personalHealthRecord()Z,out/soong/.intermediates/packages/modules/HealthFitness/flags/healthfitness-aconfig-flags-lib/android_common_apex34/javac/srcjars/com/android/healthfitness/flags/FeatureFlagsImpl.java,190,5,190,25,
Lcom/android/healthfitness/flags/FeatureFlagsImpl;->personalHealthRecordDatabase()Z,out/soong/.intermediates/packages/modules/HealthFitness/flags/healthfitness-aconfig-flags-lib/android_common_apex34/javac/srcjars/com/android/healthfitness/flags/FeatureFlagsImpl.java,197,5,197,25,
Lcom/android/healthfitness/flags/FeatureFlagsImpl;->personalHealthRecordDisableD2d()Z,out/soong/.intermediates/packages/modules/HealthFitness/flags/healthfitness-aconfig-flags-lib/android_common_apex34/javac/srcjars/com/android/healthfitness/flags/FeatureFlagsImpl.java,204,5,204,25,
Lcom/android/healthfitness/flags/FeatureFlagsImpl;->personalHealthRecordDisableExportImport()Z,out/soong/.intermediates/packages/modules/HealthFitness/flags/healthfitness-aconfig-flags-lib/android_common_apex34/javac/srcjars/com/android/healthfitness/flags/FeatureFlagsImpl.java,211,5,211,25,
Lcom/android/healthfitness/flags/FeatureFlagsImpl;->personalHealthRecordEnableD2dAndExportImport()Z,out/soong/.intermediates/packages/modules/HealthFitness/flags/healthfitness-aconfig-flags-lib/android_common_apex34/javac/srcjars/com/android/healthfitness/flags/FeatureFlagsImpl.java,218,5,218,25,
Lcom/android/healthfitness/flags/FeatureFlagsImpl;->personalHealthRecordEntriesScreen()Z,out/soong/.intermediates/packages/modules/HealthFitness/flags/healthfitness-aconfig-flags-lib/android_common_apex34/javac/srcjars/com/android/healthfitness/flags/FeatureFlagsImpl.java,225,5,225,25,
Lcom/android/healthfitness/flags/FeatureFlagsImpl;->personalHealthRecordLockScreenBanner()Z,out/soong/.intermediates/packages/modules/HealthFitness/flags/healthfitness-aconfig-flags-lib/android_common_apex34/javac/srcjars/com/android/healthfitness/flags/FeatureFlagsImpl.java,232,5,232,25,
Lcom/android/healthfitness/flags/FeatureFlagsImpl;->personalHealthRecordTelemetry()Z,out/soong/.intermediates/packages/modules/HealthFitness/flags/healthfitness-aconfig-flags-lib/android_common_apex34/javac/srcjars/com/android/healthfitness/flags/FeatureFlagsImpl.java,239,5,239,25,
Lcom/android/healthfitness/flags/FeatureFlagsImpl;->personalHealthRecordTelemetryPrivateWw()Z,out/soong/.intermediates/packages/modules/HealthFitness/flags/healthfitness-aconfig-flags-lib/android_common_apex34/javac/srcjars/com/android/healthfitness/flags/FeatureFlagsImpl.java,246,5,246,25,
Lcom/android/healthfitness/flags/FeatureFlagsImpl;->personalHealthRecordUiTelemetry()Z,out/soong/.intermediates/packages/modules/HealthFitness/flags/healthfitness-aconfig-flags-lib/android_common_apex34/javac/srcjars/com/android/healthfitness/flags/FeatureFlagsImpl.java,253,5,253,25,
Lcom/android/healthfitness/flags/FeatureFlagsImpl;->phrFhirBasicComplexTypeValidation()Z,out/soong/.intermediates/packages/modules/HealthFitness/flags/healthfitness-aconfig-flags-lib/android_common_apex34/javac/srcjars/com/android/healthfitness/flags/FeatureFlagsImpl.java,260,5,260,25,
Lcom/android/healthfitness/flags/FeatureFlagsImpl;->phrFhirComplexTypeValidation()Z,out/soong/.intermediates/packages/modules/HealthFitness/flags/healthfitness-aconfig-flags-lib/android_common_apex34/javac/srcjars/com/android/healthfitness/flags/FeatureFlagsImpl.java,267,5,267,25,
Lcom/android/healthfitness/flags/FeatureFlagsImpl;->phrFhirOneofValidation()Z,out/soong/.intermediates/packages/modules/HealthFitness/flags/healthfitness-aconfig-flags-lib/android_common_apex34/javac/srcjars/com/android/healthfitness/flags/FeatureFlagsImpl.java,274,5,274,25,
Lcom/android/healthfitness/flags/FeatureFlagsImpl;->phrFhirPrimitiveTypeValidation()Z,out/soong/.intermediates/packages/modules/HealthFitness/flags/healthfitness-aconfig-flags-lib/android_common_apex34/javac/srcjars/com/android/healthfitness/flags/FeatureFlagsImpl.java,281,5,281,25,
Lcom/android/healthfitness/flags/FeatureFlagsImpl;->phrFhirStructuralValidation()Z,out/soong/.intermediates/packages/modules/HealthFitness/flags/healthfitness-aconfig-flags-lib/android_common_apex34/javac/srcjars/com/android/healthfitness/flags/FeatureFlagsImpl.java,288,5,288,25,
Lcom/android/healthfitness/flags/FeatureFlagsImpl;->phrReadMedicalResourcesFixQueryLimit()Z,out/soong/.intermediates/packages/modules/HealthFitness/flags/healthfitness-aconfig-flags-lib/android_common_apex34/javac/srcjars/com/android/healthfitness/flags/FeatureFlagsImpl.java,295,5,295,25,
Lcom/android/healthfitness/flags/FeatureFlagsImpl;->phrUpsertFixParcelSizeCalculation()Z,out/soong/.intermediates/packages/modules/HealthFitness/flags/healthfitness-aconfig-flags-lib/android_common_apex34/javac/srcjars/com/android/healthfitness/flags/FeatureFlagsImpl.java,302,5,302,25,
Lcom/android/healthfitness/flags/FeatureFlagsImpl;->phrUpsertFixUseSharedMemory()Z,out/soong/.intermediates/packages/modules/HealthFitness/flags/healthfitness-aconfig-flags-lib/android_common_apex34/javac/srcjars/com/android/healthfitness/flags/FeatureFlagsImpl.java,309,5,309,25,
Lcom/android/healthfitness/flags/FeatureFlagsImpl;->readAssetsForDisabledAppsFromPackageManager()Z,out/soong/.intermediates/packages/modules/HealthFitness/flags/healthfitness-aconfig-flags-lib/android_common_apex34/javac/srcjars/com/android/healthfitness/flags/FeatureFlagsImpl.java,316,5,316,25,
Lcom/android/healthfitness/flags/FeatureFlagsImpl;->replaceBodySensorPermissionEnabled()Z,out/soong/.intermediates/packages/modules/HealthFitness/flags/healthfitness-aconfig-flags-lib/android_common_apex34/javac/srcjars/com/android/healthfitness/flags/FeatureFlagsImpl.java,323,5,323,25,
Lcom/android/healthfitness/flags/Flags;->activityIntensity()Z,out/soong/.intermediates/packages/modules/HealthFitness/flags/healthfitness-aconfig-flags-lib/android_common_apex34/javac/srcjars/com/android/healthfitness/flags/Flags.java,100,5,100,25,
Lcom/android/healthfitness/flags/Flags;->activityIntensityDb()Z,out/soong/.intermediates/packages/modules/HealthFitness/flags/healthfitness-aconfig-flags-lib/android_common_apex34/javac/srcjars/com/android/healthfitness/flags/Flags.java,106,5,106,25,
Lcom/android/healthfitness/flags/Flags;->addMissingAccessLogs()Z,out/soong/.intermediates/packages/modules/HealthFitness/flags/healthfitness-aconfig-flags-lib/android_common_apex34/javac/srcjars/com/android/healthfitness/flags/Flags.java,112,5,112,25,
Lcom/android/healthfitness/flags/Flags;->architectureImprovement()Z,out/soong/.intermediates/packages/modules/HealthFitness/flags/healthfitness-aconfig-flags-lib/android_common_apex34/javac/srcjars/com/android/healthfitness/flags/Flags.java,118,5,118,25,
Lcom/android/healthfitness/flags/Flags;->clearCachesAfterSwitchingUser()Z,out/soong/.intermediates/packages/modules/HealthFitness/flags/healthfitness-aconfig-flags-lib/android_common_apex34/javac/srcjars/com/android/healthfitness/flags/Flags.java,124,5,124,25,
Lcom/android/healthfitness/flags/Flags;->cloudBackupAndRestore()Z,out/soong/.intermediates/packages/modules/HealthFitness/flags/healthfitness-aconfig-flags-lib/android_common_apex34/javac/srcjars/com/android/healthfitness/flags/Flags.java,130,5,130,25,
Lcom/android/healthfitness/flags/Flags;->cyclePhases()Z,out/soong/.intermediates/packages/modules/HealthFitness/flags/healthfitness-aconfig-flags-lib/android_common_apex34/javac/srcjars/com/android/healthfitness/flags/Flags.java,136,5,136,25,
Lcom/android/healthfitness/flags/Flags;->d2dFileDeletionBugFix()Z,out/soong/.intermediates/packages/modules/HealthFitness/flags/healthfitness-aconfig-flags-lib/android_common_apex34/javac/srcjars/com/android/healthfitness/flags/Flags.java,142,5,142,25,
Lcom/android/healthfitness/flags/Flags;->dependencyInjection()Z,out/soong/.intermediates/packages/modules/HealthFitness/flags/healthfitness-aconfig-flags-lib/android_common_apex34/javac/srcjars/com/android/healthfitness/flags/Flags.java,148,5,148,25,
Lcom/android/healthfitness/flags/Flags;->deprecateExerciseSessionTypeBreathing()Z,out/soong/.intermediates/packages/modules/HealthFitness/flags/healthfitness-aconfig-flags-lib/android_common_apex34/javac/srcjars/com/android/healthfitness/flags/Flags.java,154,5,154,25,
Lcom/android/healthfitness/flags/Flags;->developmentDatabase()Z,out/soong/.intermediates/packages/modules/HealthFitness/flags/healthfitness-aconfig-flags-lib/android_common_apex34/javac/srcjars/com/android/healthfitness/flags/Flags.java,160,5,160,25,
Lcom/android/healthfitness/flags/Flags;->ecosystemMetrics()Z,out/soong/.intermediates/packages/modules/HealthFitness/flags/healthfitness-aconfig-flags-lib/android_common_apex34/javac/srcjars/com/android/healthfitness/flags/Flags.java,166,5,166,25,
Lcom/android/healthfitness/flags/Flags;->ecosystemMetricsDbChanges()Z,out/soong/.intermediates/packages/modules/HealthFitness/flags/healthfitness-aconfig-flags-lib/android_common_apex34/javac/srcjars/com/android/healthfitness/flags/Flags.java,172,5,172,25,
Lcom/android/healthfitness/flags/Flags;->exportImport()Z,out/soong/.intermediates/packages/modules/HealthFitness/flags/healthfitness-aconfig-flags-lib/android_common_apex34/javac/srcjars/com/android/healthfitness/flags/Flags.java,178,5,178,25,
Lcom/android/healthfitness/flags/Flags;->exportImportFastFollow()Z,out/soong/.intermediates/packages/modules/HealthFitness/flags/healthfitness-aconfig-flags-lib/android_common_apex34/javac/srcjars/com/android/healthfitness/flags/Flags.java,184,5,184,25,
Lcom/android/healthfitness/flags/Flags;->exportImportNiceToHave()Z,out/soong/.intermediates/packages/modules/HealthFitness/flags/healthfitness-aconfig-flags-lib/android_common_apex34/javac/srcjars/com/android/healthfitness/flags/Flags.java,190,5,190,25,
Lcom/android/healthfitness/flags/Flags;->expressiveThemingEnabled()Z,out/soong/.intermediates/packages/modules/HealthFitness/flags/healthfitness-aconfig-flags-lib/android_common_apex34/javac/srcjars/com/android/healthfitness/flags/Flags.java,196,5,196,25,
Lcom/android/healthfitness/flags/Flags;->healthConnectMappings()Z,out/soong/.intermediates/packages/modules/HealthFitness/flags/healthfitness-aconfig-flags-lib/android_common_apex34/javac/srcjars/com/android/healthfitness/flags/Flags.java,202,5,202,25,
Lcom/android/healthfitness/flags/Flags;->immediateExport()Z,out/soong/.intermediates/packages/modules/HealthFitness/flags/healthfitness-aconfig-flags-lib/android_common_apex34/javac/srcjars/com/android/healthfitness/flags/Flags.java,208,5,208,25,
Lcom/android/healthfitness/flags/Flags;->infraToGuardDbChanges()Z,out/soong/.intermediates/packages/modules/HealthFitness/flags/healthfitness-aconfig-flags-lib/android_common_apex34/javac/srcjars/com/android/healthfitness/flags/Flags.java,214,5,214,25,
Lcom/android/healthfitness/flags/Flags;->logcatCensorIae()Z,out/soong/.intermediates/packages/modules/HealthFitness/flags/healthfitness-aconfig-flags-lib/android_common_apex34/javac/srcjars/com/android/healthfitness/flags/Flags.java,220,5,220,25,
Lcom/android/healthfitness/flags/Flags;->mindfulness()Z,out/soong/.intermediates/packages/modules/HealthFitness/flags/healthfitness-aconfig-flags-lib/android_common_apex34/javac/srcjars/com/android/healthfitness/flags/Flags.java,226,5,226,25,
Lcom/android/healthfitness/flags/Flags;->newInformationArchitecture()Z,out/soong/.intermediates/packages/modules/HealthFitness/flags/healthfitness-aconfig-flags-lib/android_common_apex34/javac/srcjars/com/android/healthfitness/flags/Flags.java,232,5,232,25,
Lcom/android/healthfitness/flags/Flags;->onboarding()Z,out/soong/.intermediates/packages/modules/HealthFitness/flags/healthfitness-aconfig-flags-lib/android_common_apex34/javac/srcjars/com/android/healthfitness/flags/Flags.java,238,5,238,25,
Lcom/android/healthfitness/flags/Flags;->permissionMetrics()Z,out/soong/.intermediates/packages/modules/HealthFitness/flags/healthfitness-aconfig-flags-lib/android_common_apex34/javac/srcjars/com/android/healthfitness/flags/Flags.java,244,5,244,25,
Lcom/android/healthfitness/flags/Flags;->permissionTrackerFixMappingInit()Z,out/soong/.intermediates/packages/modules/HealthFitness/flags/healthfitness-aconfig-flags-lib/android_common_apex34/javac/srcjars/com/android/healthfitness/flags/Flags.java,250,5,250,25,
Lcom/android/healthfitness/flags/Flags;->personalHealthRecord()Z,out/soong/.intermediates/packages/modules/HealthFitness/flags/healthfitness-aconfig-flags-lib/android_common_apex34/javac/srcjars/com/android/healthfitness/flags/Flags.java,256,5,256,25,
Lcom/android/healthfitness/flags/Flags;->personalHealthRecordDatabase()Z,out/soong/.intermediates/packages/modules/HealthFitness/flags/healthfitness-aconfig-flags-lib/android_common_apex34/javac/srcjars/com/android/healthfitness/flags/Flags.java,262,5,262,25,
Lcom/android/healthfitness/flags/Flags;->personalHealthRecordDisableD2d()Z,out/soong/.intermediates/packages/modules/HealthFitness/flags/healthfitness-aconfig-flags-lib/android_common_apex34/javac/srcjars/com/android/healthfitness/flags/Flags.java,268,5,268,25,
Lcom/android/healthfitness/flags/Flags;->personalHealthRecordDisableExportImport()Z,out/soong/.intermediates/packages/modules/HealthFitness/flags/healthfitness-aconfig-flags-lib/android_common_apex34/javac/srcjars/com/android/healthfitness/flags/Flags.java,274,5,274,25,
Lcom/android/healthfitness/flags/Flags;->personalHealthRecordEnableD2dAndExportImport()Z,out/soong/.intermediates/packages/modules/HealthFitness/flags/healthfitness-aconfig-flags-lib/android_common_apex34/javac/srcjars/com/android/healthfitness/flags/Flags.java,280,5,280,25,
Lcom/android/healthfitness/flags/Flags;->personalHealthRecordEntriesScreen()Z,out/soong/.intermediates/packages/modules/HealthFitness/flags/healthfitness-aconfig-flags-lib/android_common_apex34/javac/srcjars/com/android/healthfitness/flags/Flags.java,286,5,286,25,
Lcom/android/healthfitness/flags/Flags;->personalHealthRecordLockScreenBanner()Z,out/soong/.intermediates/packages/modules/HealthFitness/flags/healthfitness-aconfig-flags-lib/android_common_apex34/javac/srcjars/com/android/healthfitness/flags/Flags.java,292,5,292,25,
Lcom/android/healthfitness/flags/Flags;->personalHealthRecordTelemetry()Z,out/soong/.intermediates/packages/modules/HealthFitness/flags/healthfitness-aconfig-flags-lib/android_common_apex34/javac/srcjars/com/android/healthfitness/flags/Flags.java,298,5,298,25,
Lcom/android/healthfitness/flags/Flags;->personalHealthRecordTelemetryPrivateWw()Z,out/soong/.intermediates/packages/modules/HealthFitness/flags/healthfitness-aconfig-flags-lib/android_common_apex34/javac/srcjars/com/android/healthfitness/flags/Flags.java,304,5,304,25,
Lcom/android/healthfitness/flags/Flags;->personalHealthRecordUiTelemetry()Z,out/soong/.intermediates/packages/modules/HealthFitness/flags/healthfitness-aconfig-flags-lib/android_common_apex34/javac/srcjars/com/android/healthfitness/flags/Flags.java,310,5,310,25,
Lcom/android/healthfitness/flags/Flags;->phrFhirBasicComplexTypeValidation()Z,out/soong/.intermediates/packages/modules/HealthFitness/flags/healthfitness-aconfig-flags-lib/android_common_apex34/javac/srcjars/com/android/healthfitness/flags/Flags.java,316,5,316,25,
Lcom/android/healthfitness/flags/Flags;->phrFhirComplexTypeValidation()Z,out/soong/.intermediates/packages/modules/HealthFitness/flags/healthfitness-aconfig-flags-lib/android_common_apex34/javac/srcjars/com/android/healthfitness/flags/Flags.java,322,5,322,25,
Lcom/android/healthfitness/flags/Flags;->phrFhirOneofValidation()Z,out/soong/.intermediates/packages/modules/HealthFitness/flags/healthfitness-aconfig-flags-lib/android_common_apex34/javac/srcjars/com/android/healthfitness/flags/Flags.java,328,5,328,25,
Lcom/android/healthfitness/flags/Flags;->phrFhirPrimitiveTypeValidation()Z,out/soong/.intermediates/packages/modules/HealthFitness/flags/healthfitness-aconfig-flags-lib/android_common_apex34/javac/srcjars/com/android/healthfitness/flags/Flags.java,334,5,334,25,
Lcom/android/healthfitness/flags/Flags;->phrFhirStructuralValidation()Z,out/soong/.intermediates/packages/modules/HealthFitness/flags/healthfitness-aconfig-flags-lib/android_common_apex34/javac/srcjars/com/android/healthfitness/flags/Flags.java,340,5,340,25,
Lcom/android/healthfitness/flags/Flags;->phrReadMedicalResourcesFixQueryLimit()Z,out/soong/.intermediates/packages/modules/HealthFitness/flags/healthfitness-aconfig-flags-lib/android_common_apex34/javac/srcjars/com/android/healthfitness/flags/Flags.java,346,5,346,25,
Lcom/android/healthfitness/flags/Flags;->phrUpsertFixParcelSizeCalculation()Z,out/soong/.intermediates/packages/modules/HealthFitness/flags/healthfitness-aconfig-flags-lib/android_common_apex34/javac/srcjars/com/android/healthfitness/flags/Flags.java,352,5,352,25,
Lcom/android/healthfitness/flags/Flags;->phrUpsertFixUseSharedMemory()Z,out/soong/.intermediates/packages/modules/HealthFitness/flags/healthfitness-aconfig-flags-lib/android_common_apex34/javac/srcjars/com/android/healthfitness/flags/Flags.java,358,5,358,25,
Lcom/android/healthfitness/flags/Flags;->readAssetsForDisabledAppsFromPackageManager()Z,out/soong/.intermediates/packages/modules/HealthFitness/flags/healthfitness-aconfig-flags-lib/android_common_apex34/javac/srcjars/com/android/healthfitness/flags/Flags.java,364,5,364,25,
Lcom/android/healthfitness/flags/Flags;->replaceBodySensorPermissionEnabled()Z,out/soong/.intermediates/packages/modules/HealthFitness/flags/healthfitness-aconfig-flags-lib/android_common_apex34/javac/srcjars/com/android/healthfitness/flags/Flags.java,370,5,370,25,
