<?xml version="1.0" encoding="UTF-8"?>
<root>
  <item name="android.healthconnect.HealthConnectException HealthConnectException(int) 0">
    <annotation name="androidx.annotation.IntDef">
      <val name="value" val="{android.healthconnect.HealthConnectException.ERROR_UNKNOWN, android.healthconnect.HealthConnectException.ERROR_INTERNAL, android.healthconnect.HealthConnectException.ERROR_INVALID_ARGUMENT, android.healthconnect.HealthConnectException.ERROR_IO, android.healthconnect.HealthConnectException.ERROR_SECURITY, android.healthconnect.HealthConnectException.ERROR_REMOTE}" />
    </annotation>
  </item>
  <item name="android.healthconnect.HealthConnectException HealthConnectException(int, java.lang.String) 0">
    <annotation name="androidx.annotation.IntDef">
      <val name="value" val="{android.healthconnect.HealthConnectException.ERROR_UNKNOWN, android.healthconnect.HealthConnectException.ERROR_INTERNAL, android.healthconnect.HealthConnectException.ERROR_INVALID_ARGUMENT, android.healthconnect.HealthConnectException.ERROR_IO, android.healthconnect.HealthConnectException.ERROR_SECURITY, android.healthconnect.HealthConnectException.ERROR_REMOTE}" />
    </annotation>
  </item>
</root>

