<?xml version="1.0" encoding="UTF-8"?>
<root>
  <item name="android.healthconnect.datatypes.Device int getType()">
    <annotation name="androidx.annotation.IntDef">
      <val name="value" val="{android.healthconnect.datatypes.Device.DEVICE_TYPE_UNKNOWN, android.healthconnect.datatypes.Device.DEVICE_TYPE_WATCH, android.healthconnect.datatypes.Device.DEVICE_TYPE_PHONE, android.healthconnect.datatypes.Device.DEVICE_TYPE_SCALE, android.healthconnect.datatypes.Device.DEVICE_TYPE_RING, android.healthconnect.datatypes.Device.DEVICE_TYPE_HEAD_MOUNTED, android.healthconnect.datatypes.Device.DEVICE_TYPE_FITNESS_BAND, android.healthconnect.datatypes.Device.DEVICE_TYPE_CHEST_STRAP, android.healthconnect.datatypes.Device.DEVICE_TYPE_SMART_DISPLAY}" />
    </annotation>
  </item>
  <item name="android.healthconnect.datatypes.Device.Builder android.healthconnect.datatypes.Device.Builder setType(int) 0">
    <annotation name="androidx.annotation.IntDef">
      <val name="value" val="{android.healthconnect.datatypes.Device.DEVICE_TYPE_UNKNOWN, android.healthconnect.datatypes.Device.DEVICE_TYPE_WATCH, android.healthconnect.datatypes.Device.DEVICE_TYPE_PHONE, android.healthconnect.datatypes.Device.DEVICE_TYPE_SCALE, android.healthconnect.datatypes.Device.DEVICE_TYPE_RING, android.healthconnect.datatypes.Device.DEVICE_TYPE_HEAD_MOUNTED, android.healthconnect.datatypes.Device.DEVICE_TYPE_FITNESS_BAND, android.healthconnect.datatypes.Device.DEVICE_TYPE_CHEST_STRAP, android.healthconnect.datatypes.Device.DEVICE_TYPE_SMART_DISPLAY}" />
    </annotation>
  </item>
  <item name="android.healthconnect.datatypes.ExerciseEventRecord int getEventType()">
    <annotation name="androidx.annotation.IntDef">
      <val name="value" val="{android.healthconnect.datatypes.ExerciseEventRecord.ExerciseEventType.EXERCISE_EVENT_TYPE_UNKNOWN, android.healthconnect.datatypes.ExerciseEventRecord.ExerciseEventType.EXERCISE_EVENT_TYPE_PAUSE, android.healthconnect.datatypes.ExerciseEventRecord.ExerciseEventType.EXERCISE_EVENT_TYPE_REST}" />
    </annotation>
  </item>
  <item name="android.healthconnect.datatypes.ExerciseEventRecord.Builder Builder(android.healthconnect.datatypes.Metadata, java.time.Instant, java.time.Instant, int) 3">
    <annotation name="androidx.annotation.IntDef">
      <val name="value" val="{android.healthconnect.datatypes.ExerciseEventRecord.ExerciseEventType.EXERCISE_EVENT_TYPE_UNKNOWN, android.healthconnect.datatypes.ExerciseEventRecord.ExerciseEventType.EXERCISE_EVENT_TYPE_PAUSE, android.healthconnect.datatypes.ExerciseEventRecord.ExerciseEventType.EXERCISE_EVENT_TYPE_REST}" />
    </annotation>
  </item>
  <item name="android.healthconnect.datatypes.NutritionRecord int getMealType()">
    <annotation name="androidx.annotation.IntDef">
      <val name="value" val="{android.healthconnect.datatypes.MealType.MEAL_TYPE_UNKNOWN, android.healthconnect.datatypes.MealType.MEAL_TYPE_BREAKFAST, android.healthconnect.datatypes.MealType.MEAL_TYPE_LUNCH, android.healthconnect.datatypes.MealType.MEAL_TYPE_DINNER, android.healthconnect.datatypes.MealType.MEAL_TYPE_SNACK}" />
    </annotation>
  </item>
  <item name="android.healthconnect.datatypes.NutritionRecord.Builder android.healthconnect.datatypes.NutritionRecord.Builder setMealType(int) 0">
    <annotation name="androidx.annotation.IntDef">
      <val name="value" val="{android.healthconnect.datatypes.MealType.MEAL_TYPE_UNKNOWN, android.healthconnect.datatypes.MealType.MEAL_TYPE_BREAKFAST, android.healthconnect.datatypes.MealType.MEAL_TYPE_LUNCH, android.healthconnect.datatypes.MealType.MEAL_TYPE_DINNER, android.healthconnect.datatypes.MealType.MEAL_TYPE_SNACK}" />
    </annotation>
  </item>
</root>

