<?xml version="1.0" encoding="UTF-8"?>
<root>
  <item name="android.healthconnect.HealthConnectException HealthConnectException(int) 0">
    <annotation name="androidx.annotation.IntDef">
      <val name="value" val="{android.healthconnect.HealthConnectException.ERROR_UNKNOWN, android.healthconnect.HealthConnectException.ERROR_INTERNAL, android.healthconnect.HealthConnectException.ERROR_INVALID_ARGUMENT, android.healthconnect.HealthConnectException.ERROR_IO, android.healthconnect.HealthConnectException.ERROR_SECURITY, android.healthconnect.HealthConnectException.ERROR_REMOTE}" />
    </annotation>
  </item>
  <item name="android.healthconnect.HealthConnectException HealthConnectException(int, java.lang.String) 0">
    <annotation name="androidx.annotation.IntDef">
      <val name="value" val="{android.healthconnect.HealthConnectException.ERROR_UNKNOWN, android.healthconnect.HealthConnectException.ERROR_INTERNAL, android.healthconnect.HealthConnectException.ERROR_INVALID_ARGUMENT, android.healthconnect.HealthConnectException.ERROR_IO, android.healthconnect.HealthConnectException.ERROR_SECURITY, android.healthconnect.HealthConnectException.ERROR_REMOTE}" />
    </annotation>
  </item>
  <item name="android.healthconnect.HealthConnectManager int getRecordRetentionPeriodInDays()">
    <annotation name="androidx.annotation.IntRange">
      <val name="from" val="0" />
      <val name="to" val="7300" />
    </annotation>
  </item>
  <item name="android.healthconnect.HealthConnectManager void getContributorApplicationsInfo(java.util.concurrent.Executor, android.os.OutcomeReceiver&lt;android.healthconnect.ApplicationInfoResponse,android.healthconnect.HealthConnectException&gt;)">
    <annotation name="androidx.annotation.RequiresPermission">
      <val name="value" val="&quot;android.permission.QUERY_ALL_PACKAGES&quot;" />
    </annotation>
  </item>
  <item name="android.healthconnect.HealthConnectManager void getDataOriginsInPriorityOrder(int, java.util.concurrent.Executor, android.os.OutcomeReceiver&lt;android.healthconnect.GetDataOriginPriorityOrderResponse,android.healthconnect.HealthConnectException&gt;)">
    <annotation name="androidx.annotation.RequiresPermission">
      <val name="value" val="&quot;android.permission.QUERY_ALL_PACKAGES&quot;" />
    </annotation>
  </item>
  <item name="android.healthconnect.HealthConnectManager void getDataOriginsInPriorityOrder(int, java.util.concurrent.Executor, android.os.OutcomeReceiver&lt;android.healthconnect.GetDataOriginPriorityOrderResponse,android.healthconnect.HealthConnectException&gt;) 0">
    <annotation name="androidx.annotation.IntDef">
      <val name="value" val="{android.healthconnect.HealthDataCategory.UNKNOWN, android.healthconnect.HealthDataCategory.ACTIVITY, android.healthconnect.HealthDataCategory.BODY_MEASUREMENTS, android.healthconnect.HealthDataCategory.CYCLE_TRACKING, android.healthconnect.HealthDataCategory.NUTRITION, android.healthconnect.HealthDataCategory.SLEEP, android.healthconnect.HealthDataCategory.VITALS}" />
    </annotation>
  </item>
  <item name="android.healthconnect.HealthConnectManager void setRecordRetentionPeriodInDays(int, java.util.concurrent.Executor, android.os.OutcomeReceiver&lt;java.lang.Void,android.healthconnect.HealthConnectException&gt;) 0">
    <annotation name="androidx.annotation.IntRange">
      <val name="from" val="0" />
      <val name="to" val="7300" />
    </annotation>
  </item>
  <item name="android.healthconnect.UpdateDataOriginPriorityOrderRequest UpdateDataOriginPriorityOrderRequest(java.util.List&lt;android.healthconnect.datatypes.DataOrigin&gt;, int) 1">
    <annotation name="androidx.annotation.IntDef">
      <val name="value" val="{android.healthconnect.HealthDataCategory.UNKNOWN, android.healthconnect.HealthDataCategory.ACTIVITY, android.healthconnect.HealthDataCategory.BODY_MEASUREMENTS, android.healthconnect.HealthDataCategory.CYCLE_TRACKING, android.healthconnect.HealthDataCategory.NUTRITION, android.healthconnect.HealthDataCategory.SLEEP, android.healthconnect.HealthDataCategory.VITALS}" />
    </annotation>
  </item>
  <item name="android.healthconnect.UpdateDataOriginPriorityOrderRequest int getDataCategory()">
    <annotation name="androidx.annotation.IntDef">
      <val name="value" val="{android.healthconnect.HealthDataCategory.UNKNOWN, android.healthconnect.HealthDataCategory.ACTIVITY, android.healthconnect.HealthDataCategory.BODY_MEASUREMENTS, android.healthconnect.HealthDataCategory.CYCLE_TRACKING, android.healthconnect.HealthDataCategory.NUTRITION, android.healthconnect.HealthDataCategory.SLEEP, android.healthconnect.HealthDataCategory.VITALS}" />
    </annotation>
  </item>
</root>

